תוצר,יצרן,מספר מופעים,סוגי רישיון
ALPINE,RENAULT S.A.S,1,ישיר
ARCFOX,PISCIS AUTO INC,1,עקיף
ARCTIC LEOPARD,ZHEJIANG ARCTIC LEOPARD ELECTRIC TECHNOLOGY CO,1,ישיר
BAIC,BAIC INTERNATIONAL DEVELOPMENT CO LTD,1,ישיר
BAW,SHANDONG MARABESE VEHICLE CO LTD,1,ישיר
BEIJING AUTOMOBILE WORKS CO LTD,BEIJING AUTOMOBILE WORKS CO LTD,1,עקיף
BENDA,HANGZHOU SATURN POWER TECHNOLOGY CO. LTD,1,ישיר
BETA,BETAMOTOR SPA,1,ישיר
BLACK SERIES,BLACK SERIES INTELLIGENT EQUIPMENT (WEIHAI) CO LTD,1,ישיר
BLITZ,NINGBO SHENCHIMA INDUSTRY CO LTD,1,ישיר
BRF,BULENT RAMAZAN TREYLER TERMOKING ELEKTRONIK HIZMETLERI OTOMOTIV VE YEDEK PARCALARI PETROL URUNLERI TASIMACILIK DENIZ URUNLERI HAYVANCILIK TARIM URUNLERI SANAYI VE TICARET LIMITED SIRKETI,1,ישיר
BROSHUIS,BROSHUIS,1,ישיר
BRP,BRP EUROPEAN DISTRIBUTION S.A,1,ישיר
BYD,BYD AUTO CO LTD | BYD AUTO INDUSTRY CO LTD,4,"ישיר, עקיף"
CENNTRO,CENNTRO AUTOMOTIVE CORPORATION,1,ישיר
CFMOTO,ZHEJIANG CFMOTO POWER CO LTD,1,ישיר
CHERY,CHERY AUTOMOBILE CO LTD,3,"ישיר, עקיף"
CHEVAL LIBERTE,DEBON SP. Z.O.O,1,ישיר
CLARK,CLARK MATERIAL HANDLING CO,1,ישיר
CORVUS,CORVUS INNOV S.L,1,ישיר
CRRC,CRRC ELECTRIC VEHICLE CO LTD,1,ישיר
CUSHMAN,TEXTRON SPECIALIZED VEHICLES INC,1,ישיר
D.S,AUTOMOBILES CITROEN | STELLANTIS NV | סיטרואן,3,"ישיר, עקיף"
DAYUN,DAYUN AUTOMOBILE CO LTD,1,ישיר
DEEPAL,MOBITECH CO LTD,1,ישיר
DENAGO,ZHEJIANG TAOTAO VEHICLES CO LTD,1,ישיר
DENNIS EAGLE,DENNIS EAGLE LIMITED,1,ישיר
DFSK,CHONGQING SOKON MOTOR (GROUP) IMP. & EXP.CO. LTD,2,ישיר
DONGFENG,CHINA DONGFENG MOTOR INDUSTRY IMP. & EXP. CO. LTD,1,ישיר
DOOHAN,ZHEJIANG DOOHAN TECHNOLOGY CO LTD,1,ישיר
DS,STELLANTIS NV,1,עקיף
DUCATI,DUCATI MOTOR HOLDING S.P.A,1,ישיר
EAGLE,SUZHOU EAGLE ELECTRIC VEHICLE MANUFACTURING CO LTD,1,ישיר
ENERGICA,ENERGICA MOTOR COMPANY S.P.A,1,ישיר
EVEASY,JIANGXI JIANGLING GROUP ELECTRIC VEHICLE CO LTD,1,ישיר
EVOLUTION,EVOLUTION ELECTRIC VEHICLE,1,ישיר
EXCAR,DONGGUAN EXCAR ELECTRIC VEHICLE CO LTD,1,ישיר
EZGO,TEXTRON SPECISLIZED VEHICLES INC,1,ישיר
FANTIC MOTOR,FANTIC MOTOR S.P.A,1,ישיר
FARO,MULTI OFFER SP. Z.O.O,1,ישיר
FEISHEN,ZHEJIANG FEISHEN VEHICLE INDUSTRY CO LTD,1,ישיר
FENDT CARAVAN,FENDT CARAVAN GMBH,1,ישיר
FGM S.R.L,FGM S.R.L,1,ישיר
FORD TRUCKS,FORD MOTOR COMPANY,1,ישיר
FORTHING,DONGFENG LIUZHOU MOTOR CO LTD,1,ישיר
FUSO,DAIMLER TRUCK AG,1,ישיר
GAS GAS,GASGAS MOYORCYCLES GMBH,1,ישיר
GENERAL SERVICE,GENERAL SERVICE S.R.L,1,ישיר
GMC,GENERAL MOTORS LLC | GENERAL MOTORS COMPANY | GENERAL MOTORS HOLDINGS LLC | GENERAL MOTORS OF CANADA COMPANY | GENERAL MOTORS OVERSEAS DISTRIBUTION LLC | GENERAL MOTORS PF CANADA COMPANY,42,"ישיר, עקיף"
GOGORO,GOGORO TAIWAN LIMITED,1,ישיר
GOLDEN DRAGON,XIAMEN GOLDEN DRAGON BUS CO.,1,ישיר
GOUPIL,GOUPIL INDUSTRIE SAS,1,ישיר
GREENMAN,GREENMAN ELECTRIC VEHICLES CO LTD,1,ישיר
HER-CHEE,HER-CHEE INDUSTRIAL CO LTD,1,ישיר
HIGER,HIGER BUS COMPANY LIMITED,1,ישיר
HINO,HINO MOTORS LTD,1,ישיר
HISUN,CHONGQING HUANSONG SCIENCE AND TECHNOLOGY INDUSTRIAL CO LTD,1,ישיר
HYOSUNG,JINAN QINGQI LETOWIN MOTORCYCLE SALES CO LTD,1,ישיר
IFOR WILLIAMS,IFOR WILLIAMS TRAILERS LTD,1,ישיר
IM,IM MOTORS (SHANGHAI) SALES CO LTD,1,ישיר
INDIAN,POLARIS SALES EUROPE SARL,1,ישיר
IRIZAR,IRIZAR S.COOP,1,ישיר
IVECO,IVECO DEFENC E VEHICLES S.P.A | IVECO S.P.A,2,ישיר
JAECOO,ANHUI OMODA JAECOO AUTOMOBILE CO LTD | CHERY AUTOMOBILE CO LTD | OMODA @ JAECOO AUTOMOBILE CO LTD,3,"ישיר, עקיף"
JIAYUAN,NANJING JIAYUAN INTERNATIONAL TRADE CO LTD,1,ישיר
JONWAY,JIANGSU YONGYUAN ELECTRIC TECHNOLOGY CO LTD,1,ישיר
KAESSBOHRER,TIRSAN TREYLER SANAYI TICARET VE NAKLIYAT AS,1,ישיר
KARAVAN TRAILERS,KARAVAN TRAILERS INC.,1,ישיר
KAYO,ZHEJIANG KAYO MOTOR CO LTD,1,ישיר
KENWORTH,PACCAR INC,1,ישיר
KING LONG,XIAMEN KING LONG UNITED AUTOMOTIVE INDUSTRY CO LTD,1,ישיר
KOVE,TIBET NEW SUMMIT MOTOR CO LTD,1,ישיר
KRONE,FAHRZEUGWERK BERNARD KRONE GMBH,1,ישיר
KTM,KTM SPORTMOTORCYCLE GMBH,1,ישיר
LAMBERET,LAMBERET SAS,1,ישיר
LEAPMOTOR,LEAPMOTOR INTERNATIONAL B.V,1,ישיר
LECI TRAILER,LECI TRAILER S.A,1,ישיר
LIEBHERR,LIEBHERR-WERK EHINGEN GMBH,1,ישיר
LINHAI,JIANGSU LINHAI POWER MACHINERY GROUP CO LTD,1,ישיר
LINXYS,LIUZHOU WULING NEW ENERGY AUTOMOBILE CO LTD,1,ישיר
LOADRITE,LOAD RITE TRAILERS INC,1,ישיר
LVTONG,GUANGDONG LVTONG NEW ENERGY ELECTRIC VEHICLE TECHNOLOGY CO LTD | GUANGDONG LNTONG NEW ENERGY ELECTRIC VECHICLE TECHNOLOGY CO LTD,5,ישיר
LVTONG רכב תפעולי,GUANGDONG LVTONG NEW ENERGY ELECTRIC VEHICLE TECHNOLOGY CO LTD,1,ישיר
LYNK&CO,LYNK & CO AUTOMOBILE INTERNATIONAL SALES CO LTD,1,ישיר
MAGYAR,G. MAGYAR S.A.,1,ישיר
MAN,MAN TRUCK & BUS SE | MAN TRUCKE & BUS SE,2,"ישיר, עקיף"
MANGOSTEEN,MANGOSTEEN TECHNOLOGY CO LTD,1,ישיר
MARSHELL,SHANGHAI MARSHELL ELECTRIC VEHICLE COMPANY,1,ישיר
MAXUS,SAIC MAXUS AUTOMOTIVE CO LTD,2,ישיר
MELEX,MELEX SPOLKA Z ORGANOICZONA,1,ישיר
MG,MG MOTORS | SAIC MOTOR CORP LIMITED | SAIC MOTOR INTERNATIONAL CO LTD,3,"ישיר, עקיף"
MODERN,JIANGSU GUOXIN NEW ENERGY PASSENGER CAR CO LTD,1,ישיר
MORBIDELLI,QIANJIANG MOTOR (ASEAN) LIMITED,1,ישיר
MUSATTI,ZHEJIANG JONWAY MOTORCYCLE MANUFACTURING CO LTD,1,ישיר
NEOMOR,HENAN DERRY AUTO SALES CO LTD,1,ישיר
NIO,NIO (ANHUI) CO LTD | NIO NEXTEV EUROPE HOLDING B.V,2,"ישיר, עקיף"
OKT,OKT TRAILER SAN. VE TIC. LTD. STI,1,ישיר
OMODA,ANHUI OMODA JAECOO AUTOMOBILE CO LTD | CHERY AUTOMOBILE CO LTD | OMODA @ JAECOO AUTOMOBILE CO LTD,3,"ישיר, עקיף"
OPEL,OPEL AUTOMOBILE GMBH,1,ישיר
ORA,BAODING GREAT WALL INTERNATIONAL TRADE COMPANY LIMITED,1,ישיר
ORTHAUS,ORTHAUS TRAILERS TASIT ARACLARI OTOMOTIV NAKLIYAT SAN VE TIC AS,1,ישיר
OTOKAR,OTOKAR OTOMOTIV VE SAVUNMA SANAYI A.S,1,ישיר
PARCISA,PARCISA S.L.U,1,ישיר
PEZZAIOLI,CARROZZERIA PEZZAIOLI SRL,1,ישיר
POLARIS,POLARIS SALES EUROPE SARL,1,ישיר
POLESTAR,POLESTAR PERFORMANCE AB,1,ישיר
REDMOTO,REDMOTO S.R.L,1,ישיר
REHIGH,DAYUN AUTOMOBILE CO LTD,1,ישיר
ROJO,ROJO TRAILER S.L,1,ישיר
ROYAL ENFIELD,EICHER MOTORS LIMITED,1,ישיר
RUNHORSE,SHANDONG RUNHORSE ELECTRIC VHICLE CO LTD,1,ישיר
SCHMITZ CARGOBULL,SCHMITZ CARGOBULL AG,1,ישיר
SCORPA,SHERCO,1,ישיר
SEGWAY,SEGWAY TECHNOLOGY CO LTD,1,ישיר
SERES,SERES INTERNATIONAL ELECTRIC VEHICLE CO LTD,1,ישיר
SHERCO,SHERCO,1,ישיר
SINANLI TANKER,SANANLI TANKER DORSE METAL OTOMOTIV VE NAKLIYE SANAYI VE TICARET LIMITED SIRKETI,1,ישיר
SINOTRUK,SINOTRUK INTERNATIONAL,1,ישיר
SKYTEAM,JINGSU SACIN MOTORCYCLE COPORATION LTD,1,ישיר
SKYWELL,NANJING GOLDAN DRAGON BUS CO. LTD | SKYWORTH NEW ENERGY AUTOMOBILE GROUP,2,"ישיר, עקיף"
SMW,SMW POWERSPORTS TECHNOLOGY CO LTD,1,ישיר
SOLARIS,SOLARIS BUS&COACH S.A,1,ישיר
SOR,SOR LIBCHAVY SPOL SRO,1,ישיר
SPITZER,SPITZER SILO – FAHRZEUGWERKE GMBH,1,ישיר
STARK,STARK FUTURE S.L,1,ישיר
SUNWIN,SHANGHAI SUNWIN BUS CORPORATION,1,ישיר
SURRON,CHONGQING QIULONG TECHNOLOGY CO LTD,1,ישיר
SWM,SWM MOTORCYCLES SRL,1,ישיר
SYM,SANYANG MOTOR CO LTD,1,ישיר
TATRA,TATRA TRUCKS AS,1,ישיר
TECHNOIMPIANTI,TECHNOIMPIANTI A.P.M SRL,1,ישיר
TEYIN,ZHEJIANG TIANYING LOCOMOTIVE CO LTD,1,ישיר
TISVOL,REMOLQUES Y VOLQUETES SL,1,ישיר
TM RACING,TM MOTO SRL UNIPERSONALE,1,ישיר
TOYOTA,TOYOTA INDUSTRIES CORPORATION,1,ישיר
ULTRAVIOLETTE,ULTRAVIOLETTE AUTOMOTIVE PRIVATE LIMITED,1,ישיר
VALART,VALART LDA,1,ישיר
VAN RAVENHORST,SYSTEM TRAILERS FAHRZEUGBAU GMBH,1,ישיר
VDL,VDL BUS CHASSIS BV,1,ישיר
VOYAH,CHINA DONGFENG MOTOR INDUSTRY IMP. & EXP. CO. LTD,1,ישיר
WIERDA,WIERDA VOERTUIG TECHNIEK B.V.,1,ישיר
WINDROSE,WINDROSE HK HOLDING LIMITED,1,ישיר
XIANGSHUAI,GUANGDONG JIANYA MOTORCYCLE TECHNOLOGY CO LTD,1,ישיר
XPENG,GUANGZHOU XIAOPENG MOTORS TRADING CO LTD,1,ישיר
YADEA,WUXI YADEA EXPORT-IMPORT CO LTD | YADEA TECHNOLOGY GROUP CO LTD,2,ישיר
YALCIN DORSE,YALCIN DORSE DAMPER SAN,1,ישיר
YKGO,TAIZHOU YOKI CARTSCO LTD,1,ישיר
ZEROID,QEV TECHNOLOGIES S.L,1,ישיר
ZHIDOU (ZD),LANZHOU ZHIDOU AUTOMOBILE SALES CO LTD,1,ישיר
ZOWELL,SUZHOU PINEER MATERIAL HANDLING EQUIPMENT,1,ישיר
אאודי,AUDI AG | אאודי,35,"ישיר, עקיף"
אבארט,STELLANTIS EUROPE S.P.A,1,ישיר
אופל,אופל | STELLANTIS NV,5,עקיף
איווקו,IVECO GROUP | IVECO S.P.A,2,"ישיר, עקיף"
אינפיניטי,NISSAN MOTOR CORP,2,עקיף
אינפניטי,NISSAN MOTOR CORP,1,עקיף
איסוזו,ANADOLU ISUZU OTOMOTIV SANAYI VE TICARET A.S | ISUZU MOTORS INTERNATIONAL OPERATIONS (THAILAND) CO. LTD | ISUZU MOTORS LTD,3,ישיר
אלפא רומאו,STELLANTIS EUROPE SPA | STELLANTIS NV | FCA LLC | STELLANTIS EUROPE S.P.A,6,"ישיר, עקיף"
אסטון מרטין,ASTON MARTIN LAGONDA LIMITED,3,"ישיר, עקיף"
אפריליה,PIAGGIO & C. S.P.A | PIAGGIO&C. SPA,2,"ישיר, עקיף"
אקסס,ACCESS MOTOR CO LTD,1,ישיר
ב.מ.וו,BMW AG | BMW OF NORTH AMERICA | ב.מ.וו | BMW GROUP CANADA | BAYERISCHE MOTOREN WERKE AKITENGESELLSCHAFT | BMW CANADA | BMW MINI HUNGARY | BMW MOTORRAD MOTORCYCLE | BMW SPARTANBURG PLANT | BMWOF NORTH AMERICA,57,"ישיר, עקיף"
בובמרדיה רכב שטח,BOMBARDIER RECREATIONAL PRODUCTS INC,1,עקיף
בומברדייה,BOMBARDIER RECREATIONAL PRODUCTS INC | BRP EUROPEAN DISTRIBUTION S.A,4,"ישיר, עקיף"
ביואיק,GENERAL MOTORS LLC,1,עקיף
בנטלי,BENTLY MOTORS LIMITED | בנטלי,3,"ישיר, עקיף"
ג'יפ,FCA US LLC | STELLANTIS NV | FCA LLC | FCA CANADA INC | FCA INTERNATIONAL OPERATIONS LLC | STELLANTIS N.V | F.C.A | FCA STELLANTIS N.V | PCA LLC | STELLANTIS CANADA,45,"ישיר, עקיף"
ג'נסיס,HYUNDAI MOTOR CO,4,עקיף
דאף,DAF TRUCKS N.V,1,ישיר
דאצ'יה,AUTOMOBILE DACIA SA | RENAULT SAS | RENAULT | רנו,6,"ישיר, עקיף"
דודג',FCA US LLC | FCA LLC | STELLANTIS NV | FCA INTERNATIONAL OPERATIONS LLC | FCA | FCA STELLANTIS N.V | PCA LLC | STELLANTIS N.V,38,"ישיר, עקיף"
דוקאטי,DUCATI MOTOR HOLDING SPA,1,עקיף
דצ'יה,DACIA S.A,1,עקיף
הונדה,HONDA MOTOR CO LTD | AMERICAN HONDA MOTOR CO | AMERICAN HONDA MOTOR CO INC | HONDA MOTOR,9,"ישיר, עקיף"
הונדה רכב שטח,HONDA MOTOR CO LTD,1,עקיף
הוסקווארנה,HUSQVARNA MOTORCYCLES GMBH,1,ישיר
הרלי דוידסון,HARLEY-DAVIDSON EUROPE LIMITED,1,ישיר
וולבו,VOLVO CAR CORP | VOLVO GROUP | VOLVO BUS CORPORATION | VOLVO CAR CORP. | VOLVO CAR CORPORATION | VOLVO TRUCK CORPORATION,8,"ישיר, עקיף"
זונגטונג,ZHONGTONG BUS HOLDING COMPANY LTD,1,ישיר
טויוטה,TOYOTA MOTOR CORP | TOYOTA MOTOR NORTH AMERICA | TOYOTA MOTOR COMPANY | TOYOTA MOTOR CORPORATION | טויוטה | TOYOTA MOTORS EUROPE | TOYOTA CANADA INC | TOYOTA MOTORS CORP | TOYOTA CANADA | TOYOTA DEUTSCHLAND GMBH | TOYOTA MOTOR EUROPE | TOYOTA MOTOR EUROPE NV/SA | TOYOTA MOTOR MANUFACTURING INC | TOYOTA MOTOR SALES USA,65,"ישיר, עקיף"
טיוטה,TOYOTA MOTOR MANUFACTURING KENTUCKY | טויוטה,2,עקיף
טסלה,TESLA INC,2,עקיף
יגואר,JAGUAR LAND ROVER AUTOMOTIVE PLC | JAGUAR LAND ROVER LIMITED,14,"ישיר, עקיף"
יונדאי,HYUNDAI MOTOR CO | HYUNDAI MOTOR COMPANY | יונדאי | HYUNDAI MOTOR AMERICA | HYUNDAI AUTO CANADA CORP | HUNDAY MOTOR GROUP | HYUNDAI MOTOR AMERRICA,46,"ישיר, עקיף"
ימאהה,YAMAHA MOTOR CO LTD | YAMAHA MOTOR EUROPE N.V,3,"ישיר, עקיף"
ימאהה רכב שטח,YAMAHA MOTOR CO LTD,1,עקיף
ימהה,YAMAHA MOTOR EUROPE N.V,1,ישיר
לוטוס,GROUP LOTOS LTD | GROUP LOTUS LTD,2,עקיף
למבורגיני,AUTOMOBILI LAMBORGHINI SPA,2,עקיף
לנד רובר,JAGUAR LAND ROVER AUTOMOTIVE PLC | JAGUAR LAND ROVER LIMITED | LAND ROVER AUTOMOTIVE PLC | JAGUAR AND LEND ROVER AUTOMOTIVE PLC,37,"ישיר, עקיף"
לנדרובר,JAGUAR LAND ROVER AUTOMOTIVE PLC,1,עקיף
לקסוס,TOYOTA MOTOR CORP | TOYOTA MOTOR COMPANY | TOYOTA MOTOR CORPORATION | TOYOTA MOTOR NORTH AMERICA | LEXUS CANADA | TOYOTA MOTOR AMERICA | TOYOTA CANADA | TOYOTA DEUTSCHLAND GMBH | TOYOTA MOTOR EUROPE NV/SA | TOYOTA MOTORS CORP | TOYOTA MOTORS EUROPE | טויוטה,42,"ישיר, עקיף"
מאזדה,MAZDA MOTOR CORP | MAZDA MOTOR CORPORATION | MAZDA MOTOR HUNGARY JARMUKERESKEDELMI KFT | מאזדה,8,"ישיר, עקיף"
מאן,MAN TRUCK & BUS SE | MAN TRUCK& BUS SE,2,עקיף
מוטו-גוצ'י,PIAGGIO & C. S.P.A,1,ישיר
מזארטי,MASERATI S.P.A,1,ישיר
מזראטי,MASERATI SPA | FCA LLC,3,עקיף
מיני,BMW AG | BMW OF NORTH AMERICA | ב.מ.וו | BMW MINI HUNGARY,20,"ישיר, עקיף"
מיצובישי,MITSUBISHI MOTORS CORPORATION | MITSUBISHI MOTORS CORP | מיצובישי,4,"ישיר, עקיף"
מקלרן,MCLAREN AUTOMOTIVE LIMITED,2,עקיף
מרצדס,MERCEDES BENZ AG | DAIMLER AG | MERCEDES-BENZ AG | מרצדס | DAIMLER BUSES GMBH | DAIMLER TRUCK AG | DAIMLER TRUCK HOLDING AG | MERCEDES BENZ USA,18,"ישיר, עקיף"
מרצדס בנץ,MERCEDES BENZ AG | מרצדס בנץ | MERCEDES BENZ USA | DAIMLER AG | MERCEDES BENZ CANADA INC | MERCEDES BENZ OTOMOTIV VE HIZMETLER ANONIM SIRKETI | MERCEDES BENZ OTOMOTIVE VE HIZMETLER AS | DAIMLER TRUCK AG | MECEDES BENZ OTOMOTIV TICARET VE HIZMETLER A.S | MERCEDES AG | MERCEDES BENZ CANADA,50,עקיף
ניסאן,NISSAN MOTOR CORP | NISSAN MOTOR CO LTD,4,עקיף
ניסן,ניסן | NISSAN AUTOMOTIVE EUROPE SAS | NISSAN MOTOR CO LTD | רנו,5,"ישיר, עקיף"
ניסן אינפיניטי,NISSAN AUTOMOTIVE EUROPE SAS,1,ישיר
סובארו,SUBARU CORPORATION,1,ישיר
סוזוקי,SUZUKI MOTOR CORPORATION | סוזוקי | SUZUKI DEUTSCHLAND GMBH | SUZUKI MOTOR COMPANY | SUZUKI MOTOR CORP | SUZUKI MOTOR CORP. | SUZUKI MOTORS CORPORATION,11,"ישיר, עקיף"
סי.אף מוטו,ZHEJIANG CFMOTO POWER CO LTD,2,ישיר
סיאט,SEAT SA | SEAT S.A | סיאט,13,"ישיר, עקיף"
סיטרואן,STELLANTIS NV | AUTOMOBILES CITROEN | STELLANTIS N.V | סיטרואן,6,"ישיר, עקיף"
סמארט,MERCEDES BENZ AG | MERCEDES-BENZ AG | SMART AUTOMOBILE SALES (NANNING) CO LTD | SMART AUTOMOTIVE PLC | מרצדס בנץ,7,"ישיר, עקיף"
סנסונדגי,SUSUNDUGEI SA,1,ישיר
סקודה,SKODA AUTO AS | SKODA AUTO A.S | סקודה,17,"ישיר, עקיף"
סקניה,SCANIA AB | SCANIA CV AB,2,"ישיר, עקיף"
פג'ו,STELLANTIS NV | פג'ו | AUTOMOBILES PEUGEOT | PEUGEOT MOTOCYCLES | PEUGEOT SA | STELLANTIS N.V,8,"ישיר, עקיף"
פולאריס,POLARIS INC,2,עקיף
פולקסווגן,VOLKSWAGEN AG | VOLKSWAGEN OF AMERICA | פולקסווגן | WOLKSWAGEN AG,37,"ישיר, עקיף"
פולריס רכב שטח,POLARIS INC,1,עקיף
פורד,FORD MOTOR CO | FORD MOTOR COMPANY | פורד | FORD MOTOR COMPANY OF CANADA LIMITED,46,"ישיר, עקיף"
פורשה,PORSCHE AG | DR. ING. H.C F. PORSCHE AG | DR. ING. H.C.F PORSCHE AG | DR. ING. H.C.F PORSCHE AKTIENGESLLHAFT | פורשה,30,"ישיר, עקיף"
פיאג'ו,PIAGGIO & C. S.P.A,1,ישיר
פיאט,STELLANTIS NV | FCA LLC | FCA STELLANTIS N.V | STELLANTIS EUROPE S.P.A | STELLANTIS N.V,8,"ישיר, עקיף"
פרארי,FERRARI SPA | FERRARI S.P.A,3,"ישיר, עקיף"
קאדילאק,GENERAL MOTORS COMPANY | GENERAL MOTORS LLC | FCA US LLC,5,עקיף
קאדילק,GENERAL MOTORS LLC | GENERAL MOTORS COMPANY | GENERAL MOTORS HOLDINGS LLC | G.M | GENERAL MOTORS OVERSEAS DISTRIBUTION LLC,29,"ישיר, עקיף"
קדילאק,GENERAL MOTORS LLC,1,עקיף
קוואסאקי,KAWASAKI HEAVY INDUSTRIES LTD,1,עקיף
קוואסקי,KAWASAKI MOTORS EUROPE N.V,2,ישיר
קופרה,SEAT SA | SEAT S.A,7,"ישיר, עקיף"
קי ג'י מוביליטי,KG MOBILITY CORPORATION,2,ישיר
קיה,KIA CORP | KIA AMERICA INC | KIA CORPORATION | קיה | KIA CANADA INC | KIA CANADA | KIA DEUTSCHLAND GMBH | KIA MOTORD CORPORATION | KIA MOTORS | KIA MOTORS CORPORATION,43,"ישיר, עקיף"
קימקו,KWANG YANG MOTOR CO LTD | קימקו,3,"ישיר, עקיף"
קרייזךר,FCA US LLC,1,עקיף
קרייזלר,FCA US LLC | FCA LLC | STELLANTIS NV | FCA INTERNATIONAL OPERATIONS LLC | F.C.A | FCA STELLANTIS N.V | FCS US LLC | PCA LLC | STELLANTIS N.V,36,"ישיר, עקיף"
ראם,FCA US LLC | FCA LLC | FCA INTERNATIONAL OPERATIONS LLC | FCA | FCA STELLANTIS N.V | PCA LLC | STELLANTIS NV,27,"ישיר, עקיף"
רולס רויס,ROLLS ROYCE MOTOR CARS LIMITED | ROLS ROYCE MOTOR CARS LIMITED,2,עקיף
רנו,RENAULT S.A | RENAULT SA | רנו | RENAULT | RENAULT S.A.S | RENAULT TRUCKS,9,"ישיר, עקיף"
שברולט,GENERAL MOTORS LLC | GENERAL MOTORS COMPANY | G.M | GENERAL MOTORS HOLDINGS LLC | GENERAL MOTORS OF CANADA COMPANY | GENERAL MOTORS OVERSEAS DISTRIBUTION LLC,44,"ישיר, עקיף"