וריאנט,שם קנוני
BRP,BRP
בומברדייה,BRP
בובמרדיה רכב שטח,BRP
MAN,MAN
מאן,MAN
OPEL,OPEL
אופל,OPEL
IVECO,IVECO
איווקו,IVECO
DUCATI,DUCATI
דוקאטי,DUCATI
CFMOTO,CFMOTO
סי.אף מוטו,CFMOTO
קאדילק,קאדילק
קאדילאק,קאדילק
קדילאק,קאדילק
קרייזלר,קרייזלר
קרייזךר,קרייזלר
ניסן,ניסן
ניסאן,ניסן
טויוטה,טויוטה
טיוטה,טויוטה
לנד רובר,לנד רובר
לנדרובר,לנד רובר
מזראטי,מזראטי
מזארטי,מזראטי
קוואסאקי,קוואסאקי
קוואסקי,קוואסאקי
דאצ'יה,דאצ'יה
דצ'יה,דאצ'יה
אינפיניטי,אינפיניטי
אינפניטי,אינפיניטי
מרצדס בנץ,מרצדס בנץ
מרצדס,מרצדס בנץ
