???? ????,???? ????,?? ????,?????
????? ???,????? ???? ???,??????? ?????? ???????,"?????? ????? ????? ??????? ?????? ????? ??? ?????? ????????, ???? ??? ????, ??? ??? ?????."
????? ???,????? ???? ???,?????? ?????? ???????,"????? ?????? ?????? ??? ???? ????? ?????, ????? ????? ???, ??? ?? ??????? ?????? ???????."
????? ???,????? ???? ???,????? ????? ????? ?????? ?????,"????? ??? ????, ?????? CO2/NOX/PM10 ????? ????? ??? ??? ???? ?-WLTP."
????? ???,??????? ??????,?????? ????? ???? ?????,"????? ??????? ?????? ????? ???? ????? ?? ?????? ?????, ?????? ???? ?????, ?????? ????????."
????? ???,??????? ??????,????? ????????? ???????,"????? ???? ?? ???? ???, ?????????, ??????, ????? ??? ?????? ?? ?????? ?????."
????? ???,??????? ??????,????? ????? ?????,"????? ????? ?? ???? ?????, ??????, ?????? ?????? ??? ???????? ??????? ?????."
????? ???,????????? ???????,???? ???? ????? ????,"????? ???? ?????????? ?????, ???? ???? ?????, ??????????, ????? ?????? ?????? ???? ????."
????? ???,????????? ???????,?????? ???????????,"????? ?????? ????? ??????? ?? ?? ????? ??????, ?????? ????? ??? ?????????? ??????."
????? ???,????????? ???????,"???? ??""? ?????? ???????","??????? ???????? ??????, ????? ?? ????? ?? ??? ??? ??????? ???""? ?????? ???????."
????? ???,????? ??? ???,??????? ?????? ??????,"????? ????? ?????, ????? ???? ??????, ????? ?? ?????? ?????? ????? ???? ???? ?????."
????? ???,????? ??? ???,?????,"???? ??? ????? ????? ????? ?????, ????? ????? ????????? ?????? ????? ?????? ?????."
????? ???,????? ??? ???,??? ???? ?????? ????,"????? ????? ?????? ??????? ?? ?????? ????, ????? ????? ????? ?????? ???????."
????? ???,????? ??? ???????,?????? ????????,"????? ????? ??????? ???????? ????? ?????, ????? ?????? ??????? ????."
????? ???,????? ??? ???????,????? ???????,"?????, ?????, ?????, ????? ?????? ?? ????? ??????? ?????, ???? ????? ??????, ??????? ???????? ?? ?????? ???."
????? ???,????? ??? ???????,?????? ?????? ????? ?????,"????? ????? ???????? ???????? ???? ?????, ???? ?????, ????? ????? ?????? ?????."
????? ???,????? ???,???? ?????? ??????,"????? ???? ??????? ?? ????? ??? ??????, ???? ????, ?????, ????? ?????? ?????? ?????."
????? ???,????? ???,"????? ""?????""","???? ??? ?????? ????? ?????? ??????? (?????), ?????, ????? ?????? ????? ??????."
????? ???,????? ???,????? ????????,"????? ?????? ??? ?????? ?? ??? ????? ??? ???? ????, ?????? ??????? ???????."
????? ???,?????? ????? (Recall),???? ??????,"????? ????? ????? ?? ?????? ????? ?????? ??????, ???? ????? ?????? ??? ????? ????? ???????."
????? ???,?????? ????? (Recall),?????? ??????,"???? ""????? 08"" ?? ????? ???? ?????, ?????? ????? ????? ????? ??????."
????? ???,????? ???????,??? ?????,"????? ????? ????? ??? ??? ??? ??????? ????????, ???? ????? ???????, ???? ???? ?????? ""???? ???????""."
????? ???,????? ???????,"????? ?????? ??????? (???""?)","????? ????? ???????? ?????? ???????, ????? ??????, ?????? ??? ????? ?????? ??""?."
????? ???,????? ???????,????? ??????,"????? ?????? ?????? ??????? ???????, ???? ?????? ????? ????? ????? ??????? ???????."
????? ???,????? ????? ?????,????? ?????? ?????? ?????,"????? ????? ?????? ??????? ????, ???? ??? ?????? ??????/?????? ?????? ?????? ????."
????? ???,????? ??? ???,????? ??????? ?????,"???? ????? ??????? ????? ?????? ????? ??? ??? ??? ?????? ????? ?????? ??????, ??? ????? ??????? ????????."
???????,????? ????? ???????,????? ??????,"?????? ????? ?????? ??? ??? ??? ????? ??????, ????? ???? ????? ??????? ???????."
???????,????? ????? ???????,????? ??????? ???????,"???? ?????? ??????? ??????, ???? ????? ??? ??????, ????, ???? ??? ?????? ??????? ???????."
???????,????? ????? ???????,????? ???????,"???? ???? ????? ??????? ???? ?????? ???? ????? ??? ????????, ??? ????? ???? ????."
???????,?????? ??????,????? ????? ?????,"?????, ????? ?????, ????? ?????? ??????, ????? ??????? ??????? ????? ?????? ?????."
???????,?????? ??????,????? ?????? ?????????,"???? ?????? ?????? ?? ??? ???? ?? ????? ????, ??? ?????? ??????? ????????."
???????,?????? ??????,????? ???? ?????,"????? ?????? ???? ??? ????? ?????, ???? ??????? ???? ?????? ????? ???????? ??????."
???????,???????,????? ??????? ??????? ???????,"????? ??????? ???????? ??????? ???? ?????? ?????, ????? ??????? ?????? ????? ??? ??????."
???????,????? ?????,???? ????? ?????? ?????,"????? ????? ???????? ??????? ?????? ????? ??? ???? ????? ??""?, ???? ????? ????? ????."
???????,????? ?????,????? ???????,"????? ??????? ????????, ????? ????? ?????? ""???? ???????"", ?????? ????? ?????? ??? ??""?."
???????,????? ?????????? ???????,????? ??????? ?????? ???????,"????? ??????? ?????? ???????, ????? ????? ??????? ?????? ????? ??? ?????."
?????? ????????,????? ???? ??????,?????? ???????? ????,"????? ?????? ?????? ???????? ???? ???????? ?? ??? ?????? ???????? (??? ???? ???, ?""?, ???? ????)."
?????? ????????,????? ???? ??????,????? ??????? ???????,"???? ????? ?????? ??????? ???????, ????? ????? ??????, ???? ???? ?????? ??????."
?????? ????????,????? ???? ??????,?????? ?????? ????? ???????,???? ????? ?????? ?????? ????? ?????? ??????? ???????? ???????.
?????? ????????,????? ???? ??????,?????? ?????? ?????,"????? ?????? ?????? ??? ????? ??????, ???? ????? ?????? ?????? ??????? ?????."
?????? ????????,????? ?????? ?????,????? ?????? ?-BI,????? ?????? ??????? ?????? ???? ?????? ????? ???? ????????? ?-BI ?? ?????.
?????? ????????,????? ?????? ?????,"???? ?????? ???""?",????? ???? ????? ?? ?????? ????? ???? ???? ????? ??????? ??????????.
?????? ????????,????? ?????? ?????,?????? ??????? ??????? ???????,"????? ????? ??? ???????? ?????? (""????? ????"", ""?????"", ""????"") ?????? ??? ????? ?????? ?????."
?????? ????????,????? ?????? ?????,????? ?????? ?????????,"????? ????? ""????? ????"" ?? ?????? ??????? ??????? ?????? ?????? ????????."
?????? ????????,?????? ?????? ?????????,???? ???????,"?????? ???? ??? ???? ???????, ???? ?????? ?????? ????, ??????, ?????? ???? ?????? ?????."
?????? ????????,?????? ?????? ?????????,??? ??????,"????? ?????? ????? ??????? ??? ???? ??? ??????, ???? ????, ?????? ?????? ??????."
?????? ????????,????? ????? ???? (?????????),????? ????? ??????,"???? ????? ??????????? ?? ?????? ???????? ?????? ?????? ?????????, ???? ????? ?? ??? ??????."
?????? ????????,???? ?????,???? ??????? ???????,"???? ????? ??????, ????? ?????? ??????? ????? ???????? ?????? ??? ???? ????."
? ?????? ????????,????? ???????,???? ???? ??????,"????? ????? ?????? ??????? ????? ??? ???, ???? ?????? ?? ?????? ?????, ????? ???? ??????? ???? ????? ??????."
????? ????? ???????,"??????, ??????? ????????",???? ????? ?? ??????,"????? ???? ?? ???? ?? ?????? ?? ??? ??? (???, ?????????, ?????, ???????)."
????? ????? ???????,"??????, ??????? ????????",????? ??????? ????????,"????? ????? ??????? ???????? ????? ?????? ??????, ????? ????? ????????."
????? ????? ???????,"??????, ??????? ????????",????? ????? ??? ??????,"?????, ????? ?????? ???? ?? ?????? ?????, ???? ???? ???? ?????? ?????? ??????."
????? ????? ???????,"??????, ??????? ????????",???? ????? ??????? ?????? ?????,"????? ????? ??? ??????? ??????? ?? ?????, ???? ???? ??? ????, ????? ??? ?????? ????? ?????."
????? ????? ???????,????? ???????,????? ?????? ?????,"????? ?????? ?????? ???????? ?? ??????? ??????? ?? ??? ???, ???? ??? ?????, ???? ??? ???? ??."
????? ????? ???????,????? ????? ???????????,???? ?????? ?????,"????? ?????????? ?? ????? ???????? ?????? ?????? ?????, ???? ???? ????? ???????/????? ???????."
????? ????? ???????,??????? ??????? ?????,???????,"????? ????? ??? ????? ???????, ???? ???? ???? ?? ????, ??? ?????, ???? ??????? ?????? ????? ??????."
????? ????? ???????,??????? ??????? ?????,????? ??????,"????? ????? ????? ?? ???? ??? ????? ?? ??????? ?????, ?????? ????? ???????? ????? ??????."
????? ????? ???????,??????? ????????,????? ??????? ??? ????? ?????? ?????/??????,????? ???? ???? ?????? ?????? ?? ????? ?????? ???????? ???????? ??????? ?? ??? ???.
????? ????? ???????,????? ????? ????? ???????,????? ???? ???? ???,"????? ?????? ??????? ?????????? ?? ????? ????? (?????, ???????, ????) ?????? ?????? ???????? ???????."
????? ????? ???????,????? ????? ????? ???????,???? ?? ??????,"?????? ???? ??????? ???????, ???? ???? ?????? ????????, ?????? ?????? ??? ?????."
????? ????? ???????,???? ????? ?????,????? ??????? ??????? ???,"????, ????? ????? ??? ??????? ?????? ?????? ????? ????, ?????? ????? ?????? ?????."
????? ????? ???????,???? ????? ?????,????? ???? ????? ?????,"???? ???? ?????? ?????? ????? ?????? ??? ????, ???? ????? ?????? ?????? ??????."
????? ????? ???????,???? ????? ?????,???? ?????,"???? ????? ??? ????? ???? ?? ????, ????? ??? ???? ???, ???? ?? ???? ?????."
????? ????? ???????,"????? ?????, ??????? ????????",????? ???? ??? ????????,????? ??????? ????? ???? ???? ????????? ???????? ????? ????? ??? ????? ??? ?? ????? ?????.
????? ????? ???????,???? ????? ?????,????? ??????,"????? ??? ?????, ???? ?????? ??? ????, ???? ?????? ??????? ????, ????? ?????????' ??????? ?????? ??????."
???? ???,??? ??? ????,????? ????? ????,"????? ?? ????? ????? ?? ??? ???? ?????? ?????, ???? ???? ???????, ??? ?????? ""??? ???"" ????? ??????? ???."
???? ???,??? ??? ????,????? ??????? ???,"?????? ?????? ?????? ??????? ?????? ????, ???? ?????? ????? ????, ?????? ????? ?????? ???? ?????."
???? ???,??? ??? ????,???? ????,"????? ?????? ?????? ?????? ?? ????? ?????? ???? ????? ????, ??? ????? ?? ?????? ??????."
???? ???,??? ??? ????,?????? ????/????? ???,"????? ????? ??? ????? ????? ?????, ???? ???? ?????, ??? ????, ??? ???? ?????? ???""?."
???? ???,??? ??? ????,????? ??? ???????? ????,"???? ??? ?????? ???? ??????, ????? ????, ????? ????? ?? ???????? ??????? ??? ??????? ?? ??????."
???? ???,??? ??? ????,?????? ???? ?????? ????? ?????,"????? ????? ??????? ???????? ?????? ?????, ???? ?????? ????? ??? ?????? ?????? ????? ????????."
????? ?????,????? ????? ???????,???? ??????? ??????,"???? ???? ????? ????? ?? ????? ?????? ??????, ???? ????? ??????? ?????? ?? ?????."
????? ?????,????? ????? ???????,??? ??? ???? ????,"????? ???????? ?????? ?? ?? ????? ????? ????? ????, ??? ???? ??? ??????? ?????? ????????."
????? ?????,????? ????? ???????,???? ??????? ??? ??????? ??????,"???? ?????????? ??????? ?????? ?????? ????, ???? ?????? ????, ?????? ??? ?????? ????? ??????."
????? ?????,????? ?????? ?????,?????? ???? ?????,"????? ???? ?? ""?????? ?????"" ??????? ??????? ???? ????? ????? ?? ??????, ???? ???????, ?????? ???????."
????? ?????,????? ?????,"??????, ????? ??????",????? ???? ?????? ????????? ??????? ??????? ??????? ???? ???????.
????? ?????,????? ???????? ??????,???? ?????? ?????,????? ?????? ??????? ?? ???? ??????? ?????? ??? ?????? ????? ?? ?????? ???? ?? ????? ?????.
????? ?????,????? ???????? ??????,???? ???? PDF ????? ?????,"???? ???? ?????? ?????? PDF ???????? ????? ?????? ?""???? ?????"" ??????? ?? ??? ????."
????? ?????,???????? ????,????? ???????,????? ???????? ??????? ?? ?????? ???????? ??????? ???? ??????? ?????.
????? ?????,???????? ????,?????? ?????,"????? ???? ??????, ?????? ?????? ?????? ??-??????? ?????? ?????? ??????."
????? ?????,????? ??????? ???????,????? ???? ?????,"????? ???? ??????, ???? ?????, ????? ?????? ??????? ????? ??????? ???? ???????."
????? ?????,????? ?????,????? ????? ??????,"????? ?????? ????? ????? ??????? ??????? ??????? ????????, ?????? ????? ??????? ????? ?????."
????? ?????,????? ???? ??????,????? ?????? ????,"????? ????? ????? ?????? ??? ???????, ????? ??????? ?? ????? ?????? ?????? ???????? ?? ?????? ?????? ??????."
????? ?????,?????? ?????????,"???????? ?? ""??? 2000""",??????? ????? ?????? ?????? ??????? ?????? 6 ????? ?-8 ????? ?? ????? ???? ???? ??? ?????? ?????.
????? ?????,????? ??????,????? ????? ?????? ???????,"???? ???? ?? ??????? ??????? ?????? ???? ?????? ??? ???? ?????? ????????, ???? ????? ???????, ????? ???????."
